Target,Prediction,Source Length,Target Verb
because the student must hiccup since the student should make many souffles voldemort must not jump since vernon can jump,because the student must hiccup since since the student should make many souffles voldemort must not since vernon can jump,19,jump
since mcgonagall must run since mcgonagall can sprinkle the cookies that ron may eat the student must not smile,since mcgonagall must run since mcgonagall can not sprinkle the cookies that ron may eat the student must smile,18,smile
because a witch must sprinkle the pancake snape should not laugh,because a witch must sprinkle the pancake not snape should laugh,10,laugh
because dobby can giggle since a witch can run she can not create a souffle that sirius must eat,because dobby can giggle since a witch can not run she can create a souffle that sirius must eat,18,create
because ginny should hide a chocolate which lily must eat ginny must not hide many pancakes,because ginny should hide a chocolate which lily must eat ginny must hide must not pancakes,15,hide
since hagrid can swim since george may prepare the doughnuts snape can not assemble the pancake,since hagrid can swim since george may not prepare the doughnuts snape can assemble the pancake,15,assemble
because sirius must walk since sirius can giggle harry should not laugh,because sirius must walk since sirius can not giggle harry should laugh,11,laugh
because voldemort must sprinkle a chocolate that lily should gobble mcgonagall should not create the pancakes,because voldemort must sprinkle a chocolate that lily should not gobble mcgonagall should create the pancakes,15,create
because voldemort should gobble many chocolates that harry may arrange a wizard should not gobble a baklava that a student must arrange,because voldemort should gobble many chocolates that harry may not arrange a wizard should gobble a baklava that a student must arrange,21,gobble
because george may assemble the cakes that a student may create since snape should swim dobby must not sprinkle the chocolate,because george may assemble the cakes that a student may create since snape should not arrange dobby must sprinkle the chocolate,20,sprinkle
because dobby must prepare a souffle that ron must create dobby must not sprinkle the croissant that the professor may gobble,because dobby must prepare a souffle that ron must not create dobby must sprinkle the croissant that the professor may gobble,20,sprinkle
since he may assemble a eclaire that lupin can arrange hermione should not create a baklava,since he may assemble a eclaire that lupin can not arrange hermione should create a baklava,15,create
since he should eat a souffle that george may assemble since james may eat the cookies dobby should not swim,since he should eat a souffle that george may assemble since james may not eat the cookies dobby should swim,19,swim
because the student may assemble many croissants that james must prepare harry may not gobble many eclaires,because the student may assemble many croissants that not assemble must prepare harry may gobble many eclaires,16,gobble
since petunia can prepare many chocolates that petunia may hide because voldemort must smile sirius may not make the strudel,since petunia can prepare many chocolates that petunia may hide because voldemort must not smile sirius may make the strudel,19,make
because vernon must chew the cookies which he must assemble vernon may not hide the cakes,because vernon must chew the cookies which he must not assemble vernon may hide the cakes,15,hide
because ron should arrange a baklava that dobby should assemble ron can not prepare the strudels,because ron should arrange a baklava that dobby should not assemble ron can prepare the strudels,15,prepare
because voldemort should laugh since albus must gobble many cakes which lupin should eat the professor can not make many chocolates,because voldemort should laugh since albus must not gobble many cakes which lupin should eat the professor can make many chocolates,20,make
since neville should run since sirius must jump she must not hide the strudels which she should create,since neville should run since sirius must not jump she must hide the strudels which she should create,17,hide
since james must giggle since snape must walk dobby should not sprinkle the chocolates which dobby must create,since james must giggle since snape must walk dobby should sprinkle the chocolates must not dobby must create,17,sprinkle
because james should assemble the chocolates that george should assemble he should not hide the chocolate that a student should hide,because james should assemble the chocolates that george should assemble he should not george should assemble many doughnuts should hide the chocolate that a student should hide,20,hide
since she can party since neville should hiccup the professor must not jump,since she can party since neville should not hiccup the professor must jump,12,jump
because harry should sprinkle the cake that harry may create since vernon must laugh a witch should not smile,because harry should sprinkle the cake that harry may create since vernon must not laugh a witch should smile,18,smile
because lily may sprinkle many croissants that draco can assemble petunia must not sprinkle the baklava,because lily may sprinkle many croissants that draco can not assemble petunia must sprinkle the baklava,15,sprinkle
since snape must gobble many strudels that harry must chew she must not sprinkle the baklava that neville should gobble,since snape must gobble many strudels that harry must not chew she must sprinkle the baklava that neville should gobble,19,sprinkle
since ron can hide the souffles that harry may make draco may not gobble the pancakes that george must create because voldemort should laugh,since ron can hide the souffles that harry may not make draco may gobble the pancakes that george must create because voldemort must voldemort,23,gobble
because a wizard may hide a eclaire that harry must sprinkle petunia should not walk since the witch may walk,because a wizard may hide a eclaire that harry must sprinkle petunia petunia should not since the witch may walk,19,walk
because james should hide the souffles that hagrid should gobble a wizard should not arrange the cookies that snape should eat,because james should hide the souffles that hagrid should not gobble a wizard should arrange the cookies that snape should eat,20,arrange
since fred must make a cookie that dobby must sprinkle because neville may walk ginny should not prepare many baklava,since fred must make a cookie that dobby must sprinkle because neville may not walk ginny should prepare many baklava,19,prepare
because the professor must wiggle because the student must assemble many strudels which harry must chew ginny should not make the chocolates,because the professor must wiggle because the student must not assemble many strudels which harry must chew ginny should make the chocolates,21,make
since he must hiccup since voldemort must arrange the souffles hermione should not make the croissant,since he must hiccup since voldemort must not arrange the souffles hermione should make the croissant,15,make
since james can arrange many pancakes that neville should gobble she can not assemble the cake,since james can arrange many pancakes that neville should not gobble she can assemble the cake,15,assemble
since hagrid must prepare the cookies that lily should gobble the witch may not wiggle,since hagrid must prepare the cookies that lily should not gobble the witch may wiggle,14,wiggle
because ginny must assemble the chocolates which fred must make the professor may not hide the cakes which lily must eat,because ginny must assemble the chocolates which fred must not make the professor may hide the cakes which lily must eat,20,hide
since a professor must wiggle because vernon may sprinkle the cakes that hermione must create james can not create the chocolates,since a professor must wiggle because vernon may not sprinkle the cakes that hermione must create james can create the chocolates,20,create
since hagrid may hide a croissant that snape should gobble petunia may not chew the eclaire,since hagrid may hide a croissant that snape should not gobble petunia may chew the eclaire,15,chew
because hagrid should chew a souffle which petunia must gobble because ginny must laugh draco should not eat the doughnut,because hagrid should chew a souffle which petunia must gobble because ginny must not laugh draco should eat the doughnut,19,eat
because the wizard may sprinkle the souffle which hagrid may make lily should not arrange many baklava,because the wizard may sprinkle the souffle which hagrid may not lily should not arrange many baklava,16,arrange
since voldemort can make the cookie that lupin should gobble lupin should not hide the cookie that draco can sprinkle,since voldemort can make the cookie that lupin should not lupin should hide the cookie that draco can sprinkle,19,hide
since the wizard must assemble many croissants that fred must create hagrid should not chew a souffle,since the wizard must assemble many croissants that not must create hagrid should not chew a souffle,16,chew
because a wizard may sprinkle the doughnut which draco should gobble he may not eat a chocolate,because a wizard may sprinkle the doughnut which draco should not he he may eat a chocolate,16,eat
because ginny may make the cake that george can hide since lily can run she should not chew the croissant which george can hide,because ginny may make the cake that george can hide since lily can not run she should chew the croissant which george should chew,23,chew
because hagrid can gobble many croissants which she must create albus should not giggle,because hagrid can gobble many croissants which she must not create albus should giggle,13,giggle
since ron should giggle since sirius must prepare the souffles she may not hiccup because hagrid should chew the souffle that voldemort should arrange,since ron should giggle since sirius must not prepare the souffles she may hiccup because hagrid should chew the souffle that voldemort should chew,23,hiccup
since hagrid can assemble the doughnuts that albus should make because vernon should assemble many pancakes mcgonagall should not make the croissant,since hagrid can assemble the doughnuts that albus should make because vernon should not assemble many pancakes mcgonagall should make the croissant,21,make
because lily should eat many pancakes which he may arrange hermione must not create the pancakes,because lily should eat many pancakes which he may not arrange hermione must create the pancakes,15,create
because the professor should gobble the croissants that fred may chew voldemort may not make a strudel which james should chew,because the professor should gobble the croissants that fred may not voldemort may not make a strudel which james should chew,20,make
because albus can swim because lupin must chew the pancakes vernon must not hide the strudel because sirius must make the cake,because albus can swim because lupin must not chew the pancakes which must hide the because sirius must make the cake,21,hide
because a wizard should create a cake which ginny can sprinkle the student must not create the doughnuts which fred must assemble,because a wizard should create a cake which ginny can sprinkle the student must not make the doughnuts which fred must assemble the doughnuts which fred must assemble,21,create
because a student may create the baklava which draco can hide vernon must not walk,because a student may create the baklava which draco can not vernon must not walk,14,walk
because hagrid may eat many croissants which snape should hide because dobby can run hermione must not gobble many croissants that george should sprinkle,because hagrid may eat many croissants which snape should not hide because dobby can run hermione must gobble many croissants that george can gobble,23,gobble
because harry should hide many doughnuts which albus should create albus can not hide the eclaire,because harry should hide many doughnuts which albus should not albus can hide the eclaire,15,hide
because harry must make a doughnut which hagrid should eat neville can not gobble the croissants which sirius may eat,because harry must make a doughnut which hagrid should not eat neville can gobble the croissants which sirius may eat,19,gobble
because sirius may gobble a souffle which dobby must assemble snape must not sprinkle the cookie which she may gobble,because sirius may gobble a souffle which dobby must not assemble snape must sprinkle the cookie which she may gobble,19,sprinkle
because dobby must eat the souffle that ginny should create a professor may not sprinkle the doughnuts which snape may sprinkle,because dobby must eat the souffle that ginny should not create a professor may sprinkle the doughnuts which snape may sprinkle,20,sprinkle
because he must swim because dobby should assemble many souffles that the witch must eat she must not eat a cookie,because he must swim because dobby should not assemble many souffles that the witch must eat she must eat a cookie,20,eat
since george must hide a eclaire which vernon must make lily must not eat the cookies,since george must hide a eclaire which vernon must not make lily must eat the cookies,15,eat
since the student must sprinkle the croissants that fred should gobble petunia may not arrange the strudels that petunia can sprinkle,since the student must sprinkle the croissants that fred should not petunia petunia may arrange the strudels that petunia can sprinkle,20,arrange
because the witch must gobble a souffle dobby should not make the strudel,because the witch must gobble a souffle not dobby should make the strudel,12,make
since a wizard must make the souffle draco must not hiccup,since a wizard must make the souffle not draco must hiccup,10,hiccup
because ginny should smile because a witch can smile lily may not chew the strudel since draco may wiggle,because ginny should smile because a witch can not smile lily may chew the since draco may wiggle,18,chew
because vernon may wiggle because the professor must wiggle petunia must not assemble the strudel that sirius should eat,because vernon may wiggle because the professor must not wiggle petunia must assemble the strudel that sirius should eat,18,assemble
since mcgonagall should wiggle since sirius can hide the strudel that sirius must assemble voldemort should not make the chocolates which neville can arrange,since mcgonagall should wiggle since sirius can not hide the strudel that sirius must assemble the should make the chocolates which neville should make the chocolates which neville must chew,23,make
because he must prepare the doughnut which snape may eat because voldemort must jump lupin should not gobble a croissant that lupin can chew,because he must prepare the doughnut which snape may eat because voldemort must not create lupin should gobble a croissant that lupin should make,23,gobble
since james should assemble the doughnut which harry should sprinkle draco can not gobble a doughnut,since james should assemble the doughnut which harry should not sprinkle draco can gobble a doughnut,15,gobble
since the wizard should eat a souffle which draco may prepare fred may not arrange the strudels because snape should chew a souffle,since the wizard should eat a souffle which draco may not fred may not arrange the strudels because snape should chew a doughnut,22,arrange
because the student may giggle because fred may gobble a cookie hermione should not create the souffles,because the student may giggle because fred may not gobble a cookie hermione should create the souffles,16,create
since lily may smile because george may prepare a strudel which mcgonagall must prepare sirius must not sprinkle the eclaire,since lily may smile because george may not prepare a strudel which mcgonagall must prepare sirius must sprinkle the eclaire,19,sprinkle
because hermione may giggle because james can sprinkle the strudel that a student may create draco can not make the doughnuts,because hermione may giggle because james can not sprinkle the strudel that a student may create draco can make the doughnuts,20,make
because a professor should hiccup since neville may eat the souffle mcgonagall must not arrange the pancake which he can make,because a professor should hiccup since neville may not eat the souffle mcgonagall must arrange the pancake which he can make,20,arrange
since the witch must gobble many strudels ginny must not eat the doughnut because voldemort should giggle,since the witch must gobble many strudels not ginny must eat the doughnut because voldemort should giggle,16,eat
because harry may swim since draco must hiccup she must not arrange many souffles,because harry may swim since draco must not hiccup she must arrange many souffles,13,arrange
since albus should sprinkle the croissants that neville should gobble james must not hide the cakes,since albus should sprinkle the croissants that neville should not gobble james must hide the cakes,15,hide
since ginny can hide the strudels that snape should arrange because a witch must party lily must not swim,since ginny can hide the strudels that snape should arrange because a witch must not party lily must swim,18,swim
since mcgonagall must arrange the souffles that neville should gobble lupin can not party,since mcgonagall must arrange the souffles that neville should not gobble lupin can party,13,party
because harry must smile because mcgonagall can sprinkle a cake ginny should not make the strudels which a student should prepare,because harry must smile because mcgonagall can not sprinkle a cake ginny should make the strudels which a student should prepare,20,make
since draco must hide a chocolate that lupin must assemble lily can not sprinkle the baklava,since draco must hide a chocolate that lupin must not assemble lily can sprinkle the baklava,15,sprinkle
because george can eat the souffle that lupin should assemble albus may not gobble the eclaire,because george can eat the souffle that lupin should not assemble albus may gobble the eclaire,15,gobble
because mcgonagall should swim because neville should eat the doughnuts which hermione should prepare lupin must not arrange a souffle that ron must create,because mcgonagall should swim because neville should not eat the doughnuts which hermione should prepare lupin must arrange a souffle that ron must arrange,23,arrange
because lupin must jump since he must assemble the eclaires that lily should make vernon may not hiccup,because lupin must jump since he must assemble the eclaires that lily should not make vernon may hiccup,17,hiccup
since a witch must sprinkle many croissants petunia must not create a souffle,since a witch must sprinkle many croissants not petunia must create a souffle,12,create
since mcgonagall should swim because she must hiccup george can not make the eclaire which petunia can eat since ron should laugh,since mcgonagall should swim because she must hiccup george can make the eclaire must not can eat since ron should laugh,21,make
since a professor may prepare many pancakes sirius can not prepare the eclaires that vernon can eat,since a professor may prepare many pancakes not sirius can prepare the eclaires that vernon can eat,16,prepare
since the student must make the strudels voldemort should not hide a baklava since fred can run,since the student must make the strudels not voldemort should hide a baklava since fred can run,16,hide
since voldemort should arrange a strudel which hagrid must assemble he should not chew many cookies,since voldemort should arrange a strudel which hagrid must not assemble he should chew many cookies,15,chew
because george must hiccup since george may hiccup george must not arrange the pancakes that george may chew,because george must hiccup since george may not hiccup george must arrange the pancakes that george may chew,17,arrange
since a student must hide the pancakes albus must not arrange the cakes,since a student must hide the pancakes not albus must arrange the cakes,12,arrange
because petunia must assemble a cookie which voldemort must chew mcgonagall may not arrange the strudels that george should eat,because petunia must assemble a cookie which voldemort must not chew mcgonagall may arrange the strudels that george should eat,19,arrange
because fred can eat the cookies which mcgonagall should create the witch may not hiccup because hermione can make the souffles,because fred can eat the cookies which mcgonagall should not create the witch may hiccup because hermione can make the souffles,20,hiccup
because he may make the doughnut that a wizard must make because lupin should party neville should not gobble the cookies,because he may make the doughnut that a wizard must make because lupin should not party neville should gobble the cookies,20,gobble
since ron must assemble a baklava that draco should sprinkle lily should not create many cakes,since ron must assemble a baklava that draco should not sprinkle lily should create many cakes,15,create
because a professor may arrange the cookie which ginny must chew fred can not giggle,because a professor may arrange the cookie which ginny must not chew fred can giggle,14,giggle
since a wizard must gobble many croissants petunia can not gobble the baklava,since a wizard must gobble many croissants not petunia can gobble the baklava,12,gobble
because lily can prepare the croissants that mcgonagall must create fred should not arrange a cookie that james may sprinkle,because lily can prepare the croissants that mcgonagall must not create fred should arrange a cookie that james may sprinkle,19,arrange
since fred should hiccup because a professor must giggle lily must not eat the strudel that petunia should prepare,since fred should hiccup because a professor must not giggle lily must eat the strudel that petunia should prepare,18,eat
because ron must sprinkle many eclaires which voldemort must arrange voldemort should not prepare the cake that a professor should assemble,because ron must sprinkle many eclaires which voldemort must not arrange voldemort should prepare the cake that a professor should assemble,20,prepare
because the student may gobble a cookie a witch should not make a cookie which george must make,because the student may gobble a cookie a witch should not a cookie which george must make,17,make
since the professor should gobble the souffle that a wizard should assemble draco may not create a eclaire which a student can eat,since the professor should gobble the souffle that a wizard should assemble draco may not a eclaire which a student can create,22,create
since a witch may prepare the croissants that draco can arrange he should not hide the eclaire,since a witch may prepare the croissants that draco can not he should not hide the eclaire,16,hide
because lily may run because vernon may hide a croissant that ginny may create mcgonagall must not arrange the croissants that vernon should sprinkle,because lily may run because vernon may hide a croissant that ginny may not create mcgonagall must arrange the croissants that vernon must arrange,23,arrange
because a wizard can prepare a souffle hermione must not create the cookie that hagrid must create,because a wizard can prepare a souffle not hermione must create the cookie that hagrid must create,16,create
because voldemort can arrange the baklava that dobby should eat mcgonagall should not gobble the strudel because dobby may hide many souffles,because voldemort can arrange the baklava that dobby should not eat mcgonagall should gobble the strudel because dobby may hide many souffles,21,gobble
since the student may make the cookie that neville can gobble harry can not chew the cookie which a wizard may create,since the student may make the cookie that neville can not harry can chew the chew,21,chew
because a wizard must arrange the croissants that draco may chew petunia can not make the eclaires because george must swim,because a wizard must arrange the croissants that draco may not petunia petunia can make the eclaires because george must swim,20,make
because the witch should sprinkle the cakes which snape must prepare george may not arrange many eclaires that george must arrange,because the witch should sprinkle the cakes which snape must prepare george george may not many eclaires that george must arrange,20,arrange
since ron must eat the pancakes which mcgonagall must assemble lily can not gobble the souffle that the witch must hide,since ron must eat the pancakes which mcgonagall must not assemble lily can gobble the souffle that the witch must hide,20,gobble
because george must make many croissants which vernon may assemble the wizard can not hide the croissants that petunia should assemble,because george must make many croissants which vernon may not assemble the wizard can hide the croissants that petunia should assemble,20,hide
since vernon can hiccup because the witch can gobble the baklava a witch should not assemble the souffle because lupin can arrange the eclaires,since vernon can hiccup because the witch can not gobble the baklava a witch should assemble the souffle because lupin can arrange,23,assemble
since george can chew a souffle that lily should arrange she should not prepare the doughnuts,since george can chew a souffle that lily should not arrange she should prepare the doughnuts,15,prepare
because hagrid may arrange a baklava that mcgonagall can arrange since snape may walk james should not make a cake,because hagrid may arrange a baklava that mcgonagall can arrange since snape may not walk james should make a cake,19,make
because dobby should assemble the cookies which james must create petunia should not hide the souffles which snape should gobble,because dobby should assemble the cookies which james must not create petunia should hide the souffles which snape should gobble,19,hide
since a professor must sprinkle the cake that sirius may hide because fred should hide the cookies dobby must not party,since a professor must sprinkle the cake that sirius may hide because fred should not hide the cookies dobby must party,20,party
because petunia must swim because she may jump petunia may not gobble the eclaire because albus should chew the cookie that lupin must make,because petunia must swim because she may not jump petunia may gobble the eclaire because albus should chew the cookie that lupin should chew,23,gobble
since albus can gobble the cakes that george can hide because hermione can jump harry must not gobble the cakes which george should prepare,since albus can gobble the cakes that george can hide because hermione can not jump harry must gobble the cakes which george must gobble,23,gobble
because lily must swim since the wizard must giggle the student can not hide the eclaires which a wizard must arrange,because lily must swim since the wizard must not giggle the student can hide the eclaires which a wizard must arrange,20,hide
since mcgonagall should hide the strudels that a wizard should assemble since neville must hiccup hermione should not arrange the eclaire,since mcgonagall should hide the strudels that a wizard should assemble since neville must not hiccup hermione should arrange the eclaire,20,arrange
because george may jump since james may hide a cookie that vernon should make james must not laugh,because george may jump since james may hide a cookie that vernon should not make james must laugh,17,laugh
because draco must eat a strudel that hermione can gobble because voldemort may swim lupin can not wiggle,because draco must eat a strudel that hermione can gobble because voldemort may not swim lupin can wiggle,17,wiggle
since the student should assemble the doughnuts that neville can gobble lupin can not assemble a souffle,since the student should assemble the doughnuts that neville can not lupin can not assemble a souffle,16,assemble
because a student should hide many chocolates she should not arrange the strudel that ginny must arrange,because a student should hide many chocolates not she should arrange the strudel that ginny must arrange,16,arrange
since ron must gobble the doughnuts that draco should hide hagrid must not chew the chocolates,since ron must gobble the doughnuts that draco should not hide hagrid must chew the chocolates,15,chew
since fred can hiccup because neville should prepare the cookies lupin must not sprinkle the pancakes that mcgonagall may create,since fred can hiccup because neville should not prepare the cookies lupin must sprinkle the pancakes that mcgonagall may create,19,sprinkle
because snape must gobble the doughnuts that fred can eat because the student must hiccup dobby should not giggle,because snape must gobble the doughnuts that fred can eat because the student must not eat dobby should giggle,18,giggle
because draco can party because he must walk mcgonagall should not make the cookies which she can eat since sirius must eat the cookies,because draco can party because he must not walk mcgonagall should make the cookies which she can eat since sirius must eat eat,23,make
because the witch may assemble many croissants that he must sprinkle because a student may create a cake she must not chew a doughnut,because the witch may assemble many croissants that not make many cakes because a student may create a cake she must chew,23,chew
because petunia must prepare the chocolates that james must hide because sirius must jump george must not create the cakes that he should create,because petunia must prepare the chocolates that james must hide because sirius must not jump george must create the cakes that he must create,23,create
because lily must laugh since he should arrange a doughnut she must not prepare a strudel that dobby may eat,because lily must laugh since he should not arrange a doughnut she must prepare a strudel that dobby may eat,19,prepare
because a professor should make many croissants that a student must eat fred must not assemble the strudels that the witch may arrange,because a professor should make many croissants that not a student must eat fred must assemble the strudels that the witch may assemble,22,assemble
since vernon can party because lupin must run he must not prepare the strudel,since vernon can party because lupin must not run he must prepare the strudel,13,prepare
because hagrid may hide the cookies which harry must arrange fred can not assemble the strudels,because hagrid may hide the cookies which harry must not arrange fred can assemble the strudels,15,assemble
since lily can run since he must sprinkle many baklava that voldemort should prepare neville should not party,since lily can run since he must not sprinkle many chocolates that voldemort should prepare neville should party,17,party
since neville may wiggle since hermione can eat a doughnut the professor may not hiccup,since neville may wiggle since hermione can not eat a doughnut the professor may hiccup,14,hiccup
because voldemort may walk because neville can walk the wizard must not create the cakes,because voldemort may walk because neville can not walk the wizard must create the cakes the baklava the cakes,14,create
because hagrid must smile since sirius must swim the witch should not prepare the baklava,because hagrid must smile since sirius must not swim the witch should prepare the baklava,14,prepare
since she may gobble many cookies which hermione must assemble neville must not prepare the cake that james should chew,since she may gobble many cookies which hermione must not assemble neville must prepare the cake that james should chew,19,prepare
since dobby must jump since james can chew the cakes which he must sprinkle albus can not chew the cookie,since dobby must jump since james can chew the cakes which he must not sprinkle albus can chew the cookie,19,chew
because she should party since lupin should arrange a doughnut lupin should not prepare the doughnuts,because she should party since lupin should not arrange a doughnut lupin should prepare the doughnuts,15,prepare
because petunia should assemble many strudels which lily must chew neville may not hide the souffles that voldemort should chew,because petunia should assemble many strudels which lily must not chew neville may hide the souffles that voldemort should chew,19,hide
since fred should assemble many doughnuts that vernon may create because the professor can sprinkle the chocolates the wizard should not create a cake,since fred should assemble many doughnuts that vernon may not because the professor can sprinkle the chocolates the wizard should create the chocolates,23,create
because lily should jump since george can hiccup harry must not make the cakes which lily can prepare,because lily should jump since george can not hiccup harry must make the cakes which lily can prepare,17,make
because hermione can assemble a croissant which hagrid can arrange james must not gobble the cake,because hermione can assemble a croissant which hagrid can not arrange james must gobble the cake,15,gobble
since a witch should hide many cookies that george must chew since voldemort can swim the professor can not create the chocolates,since a witch should hide many cookies that george must chew since voldemort can not swim the professor can create the chocolates,21,create
since sirius may run because george may walk snape should not chew a eclaire that he must chew,since sirius may run because george may walk snape should chew a eclaire may not make chew,17,chew
because hagrid can arrange the pancakes that neville should arrange george should not gobble the cookies which albus must create,because hagrid can arrange the pancakes that neville should not arrange george should gobble the cookies which albus must create,19,gobble
because hagrid may assemble the souffles that albus should gobble lily may not create the croissant that petunia may chew,because hagrid may assemble the souffles that albus should not gobble lily may create the croissant that petunia may chew,19,create
since lily can assemble a cookie that george should arrange she may not party,since lily can assemble a cookie that george should not arrange she may party,13,party
because a witch can sprinkle the pancakes sirius can not assemble the souffle that draco must gobble,because a witch can sprinkle the pancakes not can assemble the souffle that that draco must gobble,16,assemble
because a professor should arrange the croissants that draco should eat lupin may not arrange the chocolates,because a professor should arrange the croissants that draco should not lupin may arrange the chocolates,16,arrange
since voldemort should hide the souffle that snape should arrange dobby can not run,since voldemort should hide the souffle that snape should not arrange dobby can run,13,run
since lily may assemble the doughnut that neville may gobble harry must not sprinkle the chocolates,since lily may assemble the doughnut that neville may not gobble harry must sprinkle the chocolates,15,sprinkle
because james must sprinkle the cookies that harry can arrange the wizard must not prepare a cake that he should eat,because james must sprinkle the cookies that harry can not arrange the wizard must prepare a cake that he should eat,20,prepare
since lupin should hiccup because snape should eat the strudels draco must not party,since lupin should hiccup because snape should not eat the strudels draco must party,13,party
since voldemort should arrange a cake that ginny should create lupin can not sprinkle the cookie,since voldemort should arrange a cake that ginny should not create lupin can sprinkle the cookie,15,sprinkle
since voldemort must hide the cookies that ron can gobble fred may not laugh because lupin may swim,since voldemort must hide the cookies that ron can not gobble fred may laugh because lupin may swim,17,laugh
since she can hide the doughnuts that snape must arrange he should not eat the cookie which a professor must assemble,since she can hide the doughnuts that snape must not he should eat the cookie which a professor must assemble,20,eat
because a witch should gobble many cookies which she can create ginny must not hide the eclaire which draco should create,because a witch should gobble many cookies which she can not create ginny must hide the eclaire which draco should create,20,hide
because the professor can laugh because neville must sprinkle the strudels the witch may not gobble the doughnuts that the witch should chew,because the professor can laugh because neville must not sprinkle the strudels that witch may gobble the doughnuts that the witch should gobble,22,gobble
because a student may create the strudel which voldemort must create mcgonagall should not eat the baklava that dobby must chew,because a student may create the strudel which voldemort must not mcgonagall should eat the baklava,20,eat
because hagrid must wiggle because lupin must wiggle because harry must gobble the pancakes he should not arrange a eclaire that sirius may gobble,because hagrid must wiggle because lupin must not because because harry must gobble the pancakes he arrange a eclaire that sirius should arrange,23,arrange
since lily must jump since neville must sprinkle a strudel which lily should sprinkle since sirius can hiccup fred can not make the croissant,since lily must jump since neville must not sprinkle a strudel which lily should sprinkle since sirius can hiccup fred can make,23,make
since a witch can create the baklava which neville must gobble a witch must not arrange the eclaires which the professor should gobble,since a witch can create the baklava which neville must not a witch must arrange the eclaires which the professor should arrange the eclaires which the professor should arrange the,22,arrange
because hermione must assemble the strudels that harry should create because she should sprinkle a doughnut lily can not create a cookie,because hermione must assemble the strudels that harry should not because because she should sprinkle a doughnut lily can create a cookie,21,create
because mcgonagall may sprinkle a doughnut that ginny should arrange since george should eat the croissant dobby should not make a croissant,because mcgonagall may sprinkle a doughnut that ginny should arrange since george should not eat the croissant dobby should make a croissant,21,make
since the professor may swim since the witch should eat a eclaire which james can assemble vernon should not create the doughnut,since the professor may swim since the witch should not eat a eclaire which james can assemble vernon should create the doughnut,21,create
since lupin should smile because ron can giggle ginny must not sprinkle the cake that petunia must assemble since he should hiccup,since lupin should smile because ron can giggle ginny must sprinkle the cake can not giggle must assemble since he should hiccup,21,sprinkle
because snape should gobble many cookies that sirius can assemble lupin must not hide the baklava which james should eat,because snape should gobble many cookies that sirius can not assemble lupin must hide the baklava which james should eat,19,hide
since petunia must gobble the doughnuts that neville should sprinkle voldemort may not gobble the baklava that mcgonagall must sprinkle,since petunia must gobble the doughnuts that neville should not sprinkle voldemort may gobble the baklava that mcgonagall must sprinkle,19,gobble
since the student may hiccup since neville should gobble the doughnuts hagrid may not prepare the cakes,since the student may hiccup since since neville should gobble the doughnuts hagrid may not gobble the cakes hagrid may prepare the cakes,16,prepare
because the professor must sprinkle the eclaires that draco may gobble neville must not eat the strudels,because the professor must sprinkle the eclaires that draco may not neville must not eat the strudels,16,eat
because hagrid should hiccup since lily may gobble a baklava the student should not eat the doughnuts,because hagrid should hiccup since lily may not gobble a baklava the student should eat the doughnuts,16,eat
because the professor should hiccup since petunia must eat many cakes draco may not assemble the cake,because the professor should hiccup since petunia must not eat many cakes draco may assemble the cake,16,assemble
since hagrid can arrange the baklava that james can gobble draco should not chew the eclaire,since hagrid can arrange the baklava that james can not gobble draco should chew the eclaire,15,chew
since albus should sprinkle the strudels that vernon should eat because vernon may wiggle she must not prepare the cookie that lily should sprinkle,since albus should sprinkle the strudels that vernon should eat because vernon may not wiggle she must prepare the cookie that lily should prepare,23,prepare
since the student can sprinkle the pancake hermione should not prepare the cookies,since the student can sprinkle the pancake not hermione should prepare the cookies,12,prepare
because the witch may gobble the pancakes lily should not make a baklava,because the witch may gobble the pancakes not lily should make a baklava,12,make
because sirius should gobble the doughnuts that the witch must eat the professor should not chew a croissant,because sirius should gobble the doughnuts that the witch must not eat the professor should chew a croissant,17,chew
since snape may hide the baklava that she should create because sirius should giggle she should not laugh because hagrid must sprinkle a eclaire,since snape may hide the baklava that she should create because sirius should not giggle should laugh because hagrid must sprinkle,23,laugh
because the student should giggle because he must prepare many pancakes that albus can hide snape can not chew the strudels,because the student should giggle because he must not prepare many pancakes that albus can hide snape can chew the strudels,20,chew
since lily should hide many strudels which the student must eat petunia can not sprinkle the strudels which snape can hide,since lily should hide many strudels which the student must not petunia petunia can sprinkle the strudels which snape can hide,20,sprinkle
since voldemort should hide many cookies which albus can sprinkle harry may not hide the souffle,since voldemort should hide many cookies which albus can not sprinkle harry may hide the souffle,15,hide
because ginny may assemble many doughnuts that james may gobble sirius should not sprinkle a chocolate,because ginny may assemble many doughnuts that james may not gobble sirius should sprinkle a chocolate,15,sprinkle
because vernon should laugh since the student should laugh petunia should not eat a chocolate,because vernon should laugh since the student should not laugh petunia should eat a chocolate petunia should eat a chocolate,14,eat
since lupin must hiccup because mcgonagall may assemble a cake which george can make james must not hide the croissants,since lupin must hiccup because mcgonagall may not assemble a cake which george can make james must hide the croissants,19,hide
because voldemort must jump since james must party a witch can not eat a cookie that ron may eat,because voldemort must jump since james must party party a witch can not a cookie that ron may eat,18,eat
because george should prepare many croissants which hermione must create lily can not gobble a eclaire which lupin must sprinkle,because george should prepare many croissants which hermione must not create lily can gobble a eclaire which lupin must sprinkle,19,gobble
because hermione must giggle because dobby should sprinkle the strudel which vernon may create petunia should not run because fred must gobble the croissants,because hermione must giggle because dobby should sprinkle the strudel which vernon may not create petunia should run because fred must gobble,23,run
since she can assemble a souffle that ginny can arrange lily can not hide the doughnut since fred must party,since she can assemble a souffle that ginny can not arrange lily can hide the doughnut since fred must party,19,hide
because voldemort should arrange many baklava that hermione should assemble draco should not eat a cake,because voldemort should arrange many baklava that hermione should not draco should eat a cake,15,eat
because neville should hide the strudels which petunia may gobble since vernon must hiccup the student should not eat the chocolate,because neville should hide the strudels which petunia may gobble since vernon must not hiccup the student should eat the chocolate,20,eat
since ron should assemble a strudel which sirius can gobble lily must not make the baklava,since ron should assemble a strudel which sirius can not gobble lily must make the baklava,15,make
since petunia must hide the chocolate which she should create harry should not make a cookie that the wizard may prepare,since petunia must hide the chocolate which she should not create harry should make a cookie that the wizard may prepare,20,make
since lupin may swim since the student may make the pancakes that neville can make she can not sprinkle the baklava,since lupin may swim since the student may not make the pancakes that neville can make she can sprinkle the baklava,20,sprinkle
since the professor should assemble the croissants that albus should make george should not make the eclaire which voldemort must eat,since the professor should assemble the croissants that not should make george should make the eclaire which voldemort must eat,20,make
since ron should assemble a cookie that vernon must arrange neville may not walk,since ron should assemble a cookie that vernon must not arrange neville may walk,13,walk
because a wizard must assemble the croissants that she must create he should not assemble a cake,because a wizard must assemble the croissants that she must not he should not assemble a cake,16,assemble
because vernon can party since neville can giggle a student should not prepare the eclaire,because vernon can party since neville can not giggle a student should prepare the eclaire a student should prepare,14,prepare
because the student may make many pancakes sirius should not hide a chocolate,because the student may make many pancakes not sirius should hide a chocolate,12,hide
because dobby should giggle since a witch may eat many cookies dobby should not create the souffles,because dobby should giggle since a witch may not eat many cookies dobby should create the souffles,16,create
because fred should run because mcgonagall should arrange the souffles that hermione should assemble hagrid must not sprinkle the croissant that vernon should arrange,because fred should run because mcgonagall should arrange the souffles that hermione should not assemble hagrid must sprinkle the croissant that vernon must sprinkle,23,sprinkle
since hagrid can giggle because snape should prepare a croissant dobby must not arrange the croissant since a professor must smile,since hagrid can giggle because snape should not prepare a croissant dobby must arrange the croissant since a professor must smile,20,arrange
since ron can gobble the croissants that sirius must create james must not hide many baklava,since ron can gobble the croissants that sirius must not create james must hide many baklava,15,hide
since draco should eat the cake that hagrid should prepare because sirius can create the strudels a professor should not laugh,since draco should eat the cake that hagrid should prepare because sirius can not create the strudels a professor should laugh,20,laugh
since voldemort must prepare the souffle that draco should hide since he may make the eclaire she must not run,since voldemort must prepare the souffle that draco should hide since he may not make the eclaire she must run,19,run
since hagrid should smile because the wizard can chew a pancake fred should not create a doughnut,since hagrid should smile because the wizard can not chew a pancake fred should create a doughnut,16,create
because the witch may eat many doughnuts which voldemort can make because snape must run she must not assemble the chocolate,because the witch may eat many doughnuts which voldemort can not because snape must run run she must assemble the chocolate,20,assemble
since a witch can make many croissants fred can not make a baklava,since a witch can make many croissants not fred can make a baklava,12,make
because petunia must wiggle since sirius may laugh mcgonagall should not prepare the pancake which george must prepare,because petunia must wiggle since sirius may not laugh mcgonagall should prepare the pancake which george must prepare,17,prepare
because fred can hiccup because albus should prepare a croissant a student may not hiccup,because fred can hiccup because albus should not prepare a croissant a student may hiccup,14,hiccup
since a professor may swim since draco should run he must not chew the doughnut which a professor must eat,since a professor may swim since draco should not run he must chew the doughnut which a professor must eat,19,chew
since james can smile since voldemort can arrange the pancake which fred should chew voldemort can not assemble the baklava,since james can smile since voldemort can not arrange the pancake which fred should chew the can assemble the baklava,19,assemble
since fred should arrange a eclaire which fred should gobble ginny may not arrange a chocolate,since fred should arrange a eclaire which fred should gobble a ginny may not create a chocolate,15,arrange
since a wizard should chew many croissants which draco can prepare because a student must hide a eclaire she should not walk,since a wizard should chew many croissants which draco can not because a student must hide a eclaire she should walk,21,walk
because the wizard should gobble the souffle which voldemort can arrange she may not make a croissant,because the wizard should gobble the souffle which voldemort can not arrange she may make a croissant,16,make
since albus can assemble many cookies that draco may gobble a witch must not sprinkle a strudel,since albus can assemble many cookies that draco may not gobble a witch must sprinkle a strudel,16,sprinkle
since lily must make the souffle that harry can assemble mcgonagall should not party because sirius should arrange the chocolate which albus may gobble,since lily must make the souffle that harry can not assemble mcgonagall should party because sirius should arrange the chocolate which albus should eat,23,party
since a wizard can hide many croissants which ginny can create mcgonagall may not sprinkle a baklava that he should arrange,since a wizard can hide many croissants which ginny can not create mcgonagall may sprinkle a baklava that he should arrange,20,sprinkle
since hagrid can swim since the witch should create the cookie mcgonagall must not hide the strudels,since hagrid can swim since the witch should not create the cookie mcgonagall must hide the strudels,16,hide
since the wizard must eat many croissants petunia must not arrange the strudels,since the wizard must eat many croissants not petunia must arrange the strudels,12,arrange
since she may hiccup because hermione can party lily must not make the croissant which ginny must prepare,since she may hiccup because hermione can not party lily must make the croissant which ginny must prepare,17,make
since ron can prepare a souffle that sirius may assemble because sirius can create the doughnuts harry can not wiggle because george can run,since ron can prepare a souffle that sirius may assemble because sirius can not create the doughnuts harry can wiggle because george should hide,23,wiggle
because lily should gobble the croissants that james should gobble lupin can not hide the pancake,because lily should gobble the croissants that james should not gobble lupin can hide the pancake,15,hide
since a witch may make a doughnut ginny must not prepare the baklava,since a witch may make a doughnut not ginny must prepare the baklava,12,prepare
because lupin should gobble the souffles that he may hide because mcgonagall can arrange the croissant draco must not gobble many strudels,because lupin should gobble the souffles that he may hide because mcgonagall can not arrange the croissant draco must gobble many strudels,21,gobble
since the student can gobble the doughnut ginny should not prepare the cookie that mcgonagall should eat,since the student can gobble the doughnut not ginny should prepare the cookie that mcgonagall should eat,16,prepare
because a witch can sprinkle the cookies which voldemort may chew george should not make the chocolates which the witch must create,because a witch can sprinkle the cookies which voldemort may not chew george should make the chocolates which the witch must create,21,make
since vernon must smile since fred can eat the eclaires lily should not arrange the pancake,since vernon must smile since fred can not eat the eclaires lily should arrange the pancake,15,arrange
because a student should party since vernon may eat the pancakes hermione must not assemble the pancakes that fred must arrange,because a student should party since vernon may not eat the pancakes hermione must assemble the pancakes that fred must arrange,20,assemble
because a witch must laugh since james should wiggle harry should not sprinkle a souffle which albus must create because harry can run,because a witch must laugh since james should not wiggle harry should sprinkle a souffle which albus must create because harry can jump,22,sprinkle
since the professor may sprinkle the eclaire which hermione may create because sirius may make a souffle dobby may not sprinkle the doughnuts,since the professor may sprinkle the eclaire which hermione may create because sirius may not make a souffle dobby may sprinkle the souffle,22,sprinkle
since sirius can hiccup because james can hide many cakes the wizard must not prepare the chocolates,since sirius can hiccup because james james can not many the wizard must prepare the chocolates,16,prepare
since a professor should create the souffle which draco may hide harry should not arrange the cookies that he should prepare,since a professor should create the souffle which draco may not harry should not arrange the cookies that he should prepare,20,arrange
because hagrid may walk since ginny should assemble the cookies petunia should not party,because hagrid may walk since ginny should assemble the cookies petunia should not assemble the cookies petunia should party,13,party
because neville should hide the cake that george must assemble because sirius should walk hermione should not arrange a souffle,because neville should hide the cake that george must assemble because sirius should not walk hermione arrange a souffle,19,arrange
because dobby must assemble a eclaire that draco can prepare harry can not arrange a doughnut,because dobby must assemble a eclaire that draco can not prepare harry can arrange a doughnut,15,arrange
because the professor should sprinkle the chocolate since he can walk the student should not hide the souffles that a wizard should sprinkle,because the professor should sprinkle the chocolate since he can walk the student should not make the souffles that a wizard should hide,22,hide
since the wizard may assemble many doughnuts lily should not hide the strudels,since the wizard may assemble many doughnuts can not should hide the strudels,12,hide
because the wizard may sprinkle the pancakes albus must not sprinkle a pancake,because the wizard may sprinkle the pancakes not albus must sprinkle a pancake,12,sprinkle
since voldemort may hiccup since sirius may prepare the baklava sirius should not gobble a eclaire which hagrid must hide,since voldemort may hiccup since sirius may not prepare the baklava sirius should gobble a eclaire which hagrid must hide,19,gobble
since voldemort must hiccup since the professor should hiccup snape should not gobble the baklava,since voldemort must hiccup since the professor should not hiccup snape should gobble the baklava,14,gobble
since the student can prepare the souffle hermione must not prepare the cakes which mcgonagall can create,since the student can prepare the souffle not hermione must prepare the cakes which mcgonagall can create,16,prepare
since she can create the souffle that voldemort can create george should not party because albus can assemble a croissant,since she can create the souffle that voldemort can create george should not voldemort can create many souffles which albus can party,19,party
since petunia should eat many strudels that petunia should prepare because albus should party lupin may not swim because hagrid may hiccup,since petunia should eat many strudels that petunia should prepare because albus should not party lupin may swim because hagrid may hiccup,21,swim
because the student should eat the croissants which neville must chew james should not eat the eclaires that voldemort must eat,because the student should eat the croissants which not neville must chew james should eat the eclaires that voldemort must eat,20,eat
since james should swim since lily can gobble the souffle that petunia may sprinkle he can not hide a eclaire,since james should swim since lily can not gobble the souffle that petunia may sprinkle he can hide a eclaire,19,hide
because hermione may run because george can make the cake that ginny may chew james can not make the baklava,because hermione may run because george can make the cake that ginny may not chew james can make the baklava,19,make
because a witch should make many cookies vernon may not prepare a cookie that petunia may prepare,because a witch should make many cookies not vernon may prepare a cookie that petunia may prepare,16,prepare
since the witch should eat the strudels ginny should not gobble the pancakes because vernon should assemble a souffle that sirius must arrange,since the witch should eat the strudels not ginny should gobble the pancakes because vernon should assemble a souffle that sirius must assemble,22,gobble
since he should swim since hagrid must run hagrid must not hide the souffles which james must make,since he should swim since hagrid must not run hagrid must hide the souffles which james must make,17,hide
because draco should gobble a eclaire which petunia may assemble the wizard must not assemble the croissant that neville should sprinkle,because draco should gobble a eclaire which petunia may assemble the wizard must not may assemble the croissant that neville should assemble,20,assemble
since lupin should make a doughnut that neville should gobble ginny should not assemble many souffles,since lupin should make a doughnut that neville should not gobble ginny should assemble many souffles,15,assemble
because lily can smile since hagrid must wiggle the student should not prepare many doughnuts,because lily can smile since hagrid must not wiggle the student should prepare many doughnuts,14,prepare
since lily can arrange many pancakes that dobby must gobble dobby may not assemble the croissants,since lily can arrange many pancakes that dobby must not gobble dobby may assemble the croissants,15,assemble
since the professor must swim since george may sprinkle many eclaires hagrid must not create a pancake which lily should assemble,since the professor must swim since george may not sprinkle many eclaires hagrid must create a pancake which lily should assemble,20,create
because lily must make many doughnuts which neville should sprinkle lily must not make the eclaire that the professor may sprinkle,because lily must make many doughnuts which neville should not sprinkle lily must make the eclaire that the professor may sprinkle,20,make
since sirius may assemble the baklava which a wizard should eat since fred may hiccup he must not gobble the cakes,since sirius may assemble the baklava which a wizard should eat since fred may not hiccup he must gobble the cakes,20,gobble
since george should make the cookies which he must sprinkle james may not swim,since george should make the cookies which he must not sprinkle james may swim,13,swim
because albus should smile since mcgonagall may party ginny may not sprinkle the souffles which mcgonagall must make,because albus should smile since mcgonagall may not party ginny may sprinkle the souffles which mcgonagall must make,17,sprinkle
since the wizard must gobble a cake which a witch should sprinkle the professor should not eat the eclaires that neville can prepare,since the wizard must gobble a cake which a witch should sprinkle the professor should not make the eclaires that neville should eat the eclaires that neville can chew,22,eat
because a professor can gobble many cookies petunia must not jump,because a professor can gobble many cookies not petunia must jump,10,jump
because sirius should hide a cookie that vernon must arrange voldemort can not create the strudel that dobby may create,because sirius should hide a cookie that vernon must not voldemort can create the strudel that dobby may create,19,create
since dobby should prepare a strudel that petunia may sprinkle because lupin may party fred may not prepare many strudels which albus may chew,since dobby should prepare a strudel that petunia may sprinkle because lupin may not party may prepare many strudels which albus may jump,23,prepare
because she can arrange a souffle that the student must sprinkle since draco may giggle fred may not hide the souffles,because she can arrange a souffle that the student must sprinkle since draco may not giggle fred may hide the souffles,20,hide
since he must assemble a eclaire that lupin must hide albus can not gobble the souffles that snape must eat,since he must assemble a eclaire that lupin must not hide albus can gobble the souffles that snape must eat,19,gobble
since hagrid may hide many doughnuts which mcgonagall should assemble ron may not prepare the cookies that he should prepare,since hagrid may hide many doughnuts which mcgonagall should not assemble ron may prepare the cookies that he should prepare,19,prepare
since hagrid must assemble a strudel that the student must chew a student may not create the cakes which sirius can create,since hagrid must assemble a strudel that the student must not chew a student may create the cakes which sirius can create,21,create
since draco can hiccup because james should smile a wizard must not eat the croissants that a student should chew,since draco can hiccup because james should not smile a wizard must eat the croissants a student should chew,19,eat
since petunia must assemble the souffles that he must eat neville should not assemble a chocolate,since petunia must assemble the souffles that he must not eat neville should assemble a chocolate,15,assemble
because albus should sprinkle many baklava that dobby should assemble a professor should not make a cake,because albus should sprinkle many baklava that dobby should not assemble a professor should make a cake,16,make
because george should party since the professor should swim george must not eat the baklava,because george should party since the professor should not swim george must eat the baklava,14,eat
since a witch can smile since mcgonagall must swim she can not hide the croissants which a wizard should eat,since a witch can smile since mcgonagall must not swim she can hide the croissants which a wizard should eat,19,hide
since she should prepare the cookies that draco must gobble because sirius must giggle harry must not eat the strudel,since she should prepare the cookies that draco must gobble because sirius must not giggle harry must eat the strudel,19,eat
since a wizard must make many strudels neville can not prepare the cakes that she should gobble,since a wizard must make many strudels not neville can prepare the cakes that she should gobble,16,prepare
since harry can gobble the doughnut that vernon must gobble because mcgonagall must jump lily must not create the pancake,since harry can gobble the doughnut that vernon must gobble because mcgonagall must not jump lily must create the pancake,19,create
since lupin may swim because fred can gobble the strudels which fred must eat george may not hide the eclaires that albus should assemble,since lupin may swim because fred can not gobble the strudels which fred must eat the cookies hide the eclaires that albus may hide,23,hide
because he can hiccup since james should arrange the doughnuts that hermione must chew the student should not walk because voldemort can run,because he can hiccup since james should arrange the doughnuts that hermione must not chew the student should walk because voldemort can walk,22,walk
because draco must arrange the cookies which voldemort may make harry should not hiccup,because draco must arrange the cookies which voldemort may not make harry should hiccup,13,hiccup
since lily can chew the cookies which voldemort must assemble snape may not swim,since lily can chew the cookies which voldemort must not assemble snape may swim,13,swim
because harry should walk since he can sprinkle the chocolate the student may not swim,because harry should walk since he can not sprinkle the chocolate the student can swim chocolate the student may swim,14,swim
since she should party because lupin can run she may not hide the souffles which a professor should make,since she should party because lupin can not run she may hide the souffles which a professor should make,18,hide
because she should assemble a souffle that lupin can gobble snape should not sprinkle the pancake,because she should assemble a souffle that lupin can not snape should sprinkle the pancake,15,sprinkle
since a student may sprinkle the pancakes that snape can gobble hagrid must not sprinkle a pancake,since a student may sprinkle the pancakes that snape can not hagrid must sprinkle a pancake,16,sprinkle
since lily must hide a croissant that lupin should eat a wizard can not arrange the doughnut,since lily must hide a croissant that lupin should not eat a wizard can arrange the doughnut,16,arrange
because the wizard should swim since the professor must wiggle the witch may not sprinkle the cookie that snape must assemble,because the wizard should swim since the professor must not wiggle the witch may sprinkle the cookie that snape must assemble,20,sprinkle
because she can prepare the chocolate which petunia should gobble because lupin should wiggle lily can not chew the chocolates,because she can prepare the chocolate which petunia should gobble because lupin should not wiggle lily can chew the chocolates,19,chew
because hagrid may wiggle since lupin may jump lupin must not gobble a doughnut,because hagrid may wiggle since lupin may not lupin must gobble a doughnut,13,gobble
since hagrid should eat a souffle which a professor should make because neville can sprinkle the croissant dobby must not gobble the chocolates,since hagrid should eat a souffle which a professor should make because neville can not sprinkle the croissant dobby must gobble the croissant,22,gobble
because he should eat a souffle that voldemort should assemble because hermione should arrange the baklava lily must not prepare the pancakes,because he should eat a souffle that voldemort should assemble because hermione should not arrange the baklava lily must prepare the pancakes,21,prepare
because hagrid should assemble the pancake which the witch may gobble hagrid should not arrange the baklava that a student may hide,because hagrid should assemble the pancake which the witch may not hagrid should arrange the baklava that a student may hide the baklava,21,arrange
because voldemort must sprinkle many croissants that harry must assemble the professor can not create a croissant,because voldemort must sprinkle many croissants that harry must not assemble the professor can create a croissant,16,create
since the student may sprinkle many souffles neville may not eat a baklava which the student can gobble,since the student may sprinkle many not neville neville may eat a baklava which the student can gobble,17,eat
because ginny must assemble a doughnut that george may make since fred may eat many souffles the student must not hide the cookie,because ginny must assemble a doughnut that george may make since fred may not eat many the student must hide the souffles,22,hide
since draco may smile since george may gobble a baklava that the student must prepare hermione should not chew the doughnut,since draco may smile since george may not gobble a baklava that the student must prepare hermione should chew the doughnut,20,chew
because a wizard can hide many cookies she may not sprinkle the pancake,because a wizard can hide many cookies not may sprinkle the pancake,12,sprinkle
because draco must gobble the doughnut which vernon may create the professor must not prepare the croissant that ron must make,because draco must gobble the doughnut which vernon may not create the professor must prepare the croissant that ron must make,20,prepare
since hermione must create the baklava that fred should sprinkle because he should gobble the baklava hagrid may not jump,since hermione must create the baklava that fred should sprinkle because he should not gobble the baklava which hagrid may jump,19,jump
because harry can wiggle because dobby must eat the croissants which petunia can assemble hermione must not create the cakes which hermione must gobble,because harry can wiggle because dobby must eat the croissants which petunia can not assemble hermione must create the cakes which hermione must create,23,create
because he can arrange many cookies which lily should sprinkle dobby must not giggle because snape can make the pancakes which vernon should arrange,because he can arrange many cookies which lily should not sprinkle dobby must giggle because snape can make the pancakes which vernon can chew,23,giggle
since hagrid must smile since james should prepare the doughnuts the professor can not assemble the pancakes that a student may make,since hagrid must smile since james should not prepare the doughnuts the professor can assemble the pancakes that a student may make,21,assemble
since hagrid can assemble a chocolate which mcgonagall should arrange a student should not assemble many eclaires that ginny should assemble,since hagrid can assemble a chocolate which mcgonagall should not arrange a student should assemble many eclaires that ginny should assemble,20,assemble
since voldemort must make many strudels which she can sprinkle george can not hide the chocolate,since voldemort must make many strudels which she can not sprinkle george can hide the chocolate,15,hide
because lily can hide a chocolate which petunia must assemble snape must not hide the eclaires which harry must eat,because lily can hide a chocolate which petunia must not assemble snape must hide the eclaires which harry must eat,19,hide
since the professor must create the souffle draco should not arrange the strudels,since the professor must create the souffle not draco should arrange the strudels,12,arrange
because the witch may assemble many cookies which george should sprinkle ginny can not eat the cakes since george should assemble many chocolates,because the witch may assemble many cookies which not george should sprinkle ginny can eat the cakes since george should assemble many cakes,22,eat
because voldemort should walk because neville must gobble the croissant the student must not eat the doughnuts that snape should gobble,because voldemort should walk because neville must not gobble the croissant the student must eat the doughnuts that snape should gobble,20,eat
since dobby should sprinkle a doughnut which a witch can gobble draco must not eat a chocolate that he should eat,since dobby should sprinkle a doughnut which a witch can gobble draco must not a chocolate that he should eat,20,eat
since sirius should chew the strudel that george must hide because hermione can wiggle he must not assemble the chocolate,since sirius should chew the strudel that george must hide because hermione can not wiggle he must assemble the chocolate,19,assemble
since draco should assemble many doughnuts which fred may make neville may not swim,since draco should assemble many doughnuts which fred may not make neville may swim,13,swim
because george should smile because ron should assemble the eclaire which vernon should create harry should not walk,because george should smile because ron should not assemble the eclaire which vernon should create harry should walk,17,walk
since petunia must swim since sirius can eat a strudel that sirius may gobble neville can not chew a croissant which draco must create,since petunia must swim since sirius can not eat a strudel that sirius may gobble neville can chew a croissant which draco can chew a croissant which draco can chew,23,chew
since a student must sprinkle many cookies petunia must not prepare a cake which ron must prepare,since a student must sprinkle many cookies not petunia must prepare a cake which ron must prepare,16,prepare
since fred can walk since lily should prepare the doughnuts sirius should not hide a strudel,since fred can walk since lily should not prepare the doughnuts sirius should hide a strudel,15,hide
because the student should prepare the cakes which george may gobble fred can not jump,because the student should prepare the cakes which george may not fred can jump,14,jump
since lupin can arrange the eclaire that fred can create because he must wiggle ron should not arrange the eclaires,since lupin can arrange the eclaire that fred can create because he must not wiggle ron should arrange the eclaires,19,arrange
since petunia must assemble a baklava since fred should make the baklava that she must assemble ron must not hiccup,since petunia must assemble a baklava since fred should not make the baklava that she must assemble ron must hiccup,19,hiccup
since the witch can create the cake that neville should hide since snape should hide the cookie fred may not chew the croissant,since the witch can create the cake that neville should hide since snape should not hide the cookie fred may chew the cookie,22,chew
because harry should gobble a eclaire that draco should assemble since sirius must hide the croissant mcgonagall must not giggle,because harry should gobble a eclaire that draco should assemble since sirius must not hide the croissant mcgonagall must giggle,19,giggle
since draco should hide a chocolate that vernon should create albus must not hide the cookies,since draco should hide a chocolate that vernon should not create albus must hide the cookies,15,hide
since the witch must hide the souffle hermione can not prepare a chocolate which sirius may assemble,since the witch must hide the souffle not hermione can prepare a chocolate which sirius may assemble,16,prepare
since ron can assemble the souffle that harry must chew draco must not wiggle,since ron can assemble the souffle that harry must not chew draco must wiggle,13,wiggle
because lily must make the eclaires which voldemort may sprinkle hagrid may not make the souffle,because lily must make the eclaires which voldemort may not sprinkle hagrid may make the souffle,15,make
because snape can hide a strudel which petunia must chew hermione may not assemble the strudel which dobby can assemble,because snape can hide a strudel which petunia must not chew hermione may assemble the strudel which dobby can assemble,19,assemble
since hagrid must gobble the souffles that harry should arrange dobby can not make the doughnut which voldemort must gobble,since hagrid must gobble the souffles that harry should not arrange dobby can make the doughnut which voldemort must gobble,19,make
since petunia must create a souffle that hagrid must eat a witch should not sprinkle the baklava,since petunia must create a souffle that hagrid must not eat a witch should sprinkle the baklava,16,sprinkle
because sirius should hide a chocolate that neville may eat george should not arrange the baklava that the professor may prepare,because sirius should hide a chocolate that neville may not eat george should arrange the baklava that the professor may prepare,20,arrange
since petunia must arrange many strudels which voldemort may eat a student should not walk because a wizard must hide the baklava,since petunia must arrange many strudels which voldemort may not eat a student should walk because a wizard must hide the baklava,21,walk
because hagrid must make a strudel that lily should eat voldemort should not gobble the souffle,because hagrid must make a strudel that lily should not eat voldemort should gobble the souffle,15,gobble
because albus should hide many cookies that sirius should gobble voldemort may not prepare the cake that george must create,because albus should hide many cookies that sirius should not gobble voldemort may prepare the cake that george must create,19,prepare
because hagrid must jump since harry may party hagrid may not assemble the eclaires since ginny can create the strudel,because hagrid must jump since harry may not party hagrid may assemble the eclaires since ginny can create the strudel,19,assemble
since a student may create the strudel which draco may assemble albus must not sprinkle the souffles,since a student may create the strudel which draco may not albus albus must sprinkle the souffles,16,sprinkle
because the professor can prepare many strudels fred can not arrange the strudels which petunia must create,because the professor can prepare many strudels not fred can arrange the strudels which petunia must create,16,arrange
since the professor can assemble the baklava which james may prepare she should not eat a chocolate,since the professor can assemble the baklava which james may not she should eat a chocolate,16,eat
since albus may swim since the professor can hide a chocolate the professor must not gobble the pancakes,since albus may swim since the professor can not hide a chocolate the professor must gobble the pancakes,17,gobble
because neville should arrange the pancakes which ginny should sprinkle because the student may wiggle voldemort can not party,because neville should arrange the pancakes which ginny should sprinkle because the student may not wiggle voldemort can party,18,party
since harry should gobble the croissants that ron must assemble albus may not prepare the baklava which fred should assemble,since harry should gobble the croissants that ron must not assemble albus may prepare the baklava which fred should assemble,19,prepare
because a student can eat many strudels fred can not arrange the eclaires,because a student can eat many strudels not fred can arrange the eclaires,12,arrange
since a wizard must make the cakes which he must arrange petunia can not assemble the pancakes which a professor must assemble,since a wizard must make the cakes which he must not petunia petunia can assemble the pancakes which a professor must assemble,21,assemble
since voldemort should eat a souffle which james should make sirius should not gobble a eclaire that snape must arrange,since voldemort should eat a souffle which james should not make sirius should gobble a eclaire that snape must arrange,19,gobble
since petunia can hide a pancake that harry can eat harry must not chew the cookies,since petunia can hide a pancake that harry can not eat harry must chew the cookies,15,chew
since draco may chew a baklava that a professor can make since george should walk george must not prepare the eclaires,since draco may chew a baklava that a professor can make since george should not walk george must prepare the eclaires,20,prepare
since lily must create a souffle which voldemort can create because fred can gobble the cake lily may not sprinkle the eclaire,since lily must create a souffle which voldemort can create because fred can not gobble the cake lily may sprinkle the eclaire,21,sprinkle
since he must chew many croissants that vernon must arrange james should not prepare the eclaires that harry can sprinkle,since he must chew many croissants that vernon must not arrange james should prepare the eclaires that harry can sprinkle,19,prepare
since she should run since sirius can party because hagrid must eat the chocolates that mcgonagall must eat vernon can not chew a souffle,since she should run since sirius can not party because hagrid must eat the chocolates mcgonagall must eat vernon can chew,23,chew
because draco can sprinkle the baklava that neville must arrange because he should assemble many baklava snape should not make the cookie,because draco can sprinkle the baklava that neville must arrange because he should not assemble many baklava snape should make the baklava snape should make the cookie,21,make
since harry can chew many cookies which mcgonagall can eat ron can not make the doughnut that snape may gobble,since harry can chew many cookies which mcgonagall can not eat ron can make the doughnut that snape may gobble,19,make
